currency,usd_rate
USD,1.0
EUR,1.08
GBP,1.27
AUD,0.66
SEK,0.095
NOK,0.095
DKK,0.145
CHF,1.12
CAD,0.74
INR,0.012
JPY,0.0067
CNY,0.14
SGD,0.74
MYR,0.21
THB,0.028
IDR,0.000064
PHP,0.018
VNM,0.000039
ZAR,0.053
EGP,0.022
MAD,0.10
AED,0.27
SAR,0.27
KWD,3.25
QAR,0.27
OMR,2.60
BHD,2.65
JOD,1.41
ILS,0.27
TRY,0.033
CZK,0.042
HUF,0.0027
PLN,0.25
RON,0.21
HRK,0.14
BGN,0.55
RUB,0.011
KRW,0.00076
TWD,0.032
HKD,0.13
